COMPANY_ID,MERCER_ONECODE,OG_FUTURE_DATED_EVENTS_IND,YEAR_BEGIN_DATE,YEAR_END_DATE
27921,MCGR19,Y,01-JAN-24,31-DEC-24
28623,WIDE02,Y,01-JAN-24,31-DEC-24
27803,VSECOD,Y,01-JAN-24,30-JAN-24
23435,CAR446,Y,01-JAN-24,31-DEC-24
27694,OMBRIC,Y,01-JAN-24,30-JAN-24
3589,26648K,Y,01-JAN-24,31-DEC-24
27959,EQUANT,Y,01-JAN-24,31-DEC-24
3631,DIGI40,Y,01-JAN-24,31-DEC-24
23555,HILL61,Y,01-JAN-24,31-DEC-24
27718,Will23,Y,01-JAN-24,30-JAN-24
28080,MANA17,Y,01-JAN-24,31-DEC-24
24954,WSFS01,Y,01-JAN-24,31-DEC-24
31905,APTI34,Y,01-JAN-24,31-DEC-24
25037,CALY32,Y,01-JAN-24,31-DEC-24
24936,GUER15,Y,01-JAN-24,31-DEC-24
28082,YOSH01,Y,01-JAN-24,31-DEC-24
28035,WES112,Y,01-JAN-24,31-DEC-24
25201,CELL09,Y,01-JAN-24,31-DEC-24
31675,SAGE52,Y,01-JAN-24,31-DEC-24
29006,EAS259,Y,01-JAN-24,30-JAN-24
28736,KEI01H,Y,01-JAN-24,31-DEC-24
31566,PGTI01,Y,01-JAN-24,31-DEC-24
28398,VICNYO,Y,01-JAN-24,31-DEC-24
31654,SPE269,Y,01-JAN-24,31-DEC-24
16956,ASE01H,Y,01-JAN-24,31-DEC-24
27894,WSTN01,Y,01-JAN-24,30-JAN-24
27699,HORACE,Y,01-JAN-24,31-DEC-24
27836,SOU428,Y,01-JAN-24,31-DEC-24
24894,NEOV02,Y,01-JAN-24,31-DEC-24
27754,GLEN90,Y,01-JAN-24,31-DEC-24
27735,AIRN09,Y,01-JAN-24,31-DEC-24
28114,STA508,Y,01-JAN-24,31-DEC-24
28640,BCADFL,Y,01-JAN-24,31-DEC-24
28995,ALT133,Y,01-JAN-24,31-DEC-24
28760,MICR11,Y,01-JAN-24,31-DEC-24
3650,NIFC01,Y,01-JAN-24,31-DEC-24
27137,ULTR22,Y,01-JUL-24,30-JUN-25
24540,ENV153,Y,01-JAN-24,31-DEC-24
5073,PCCS01,Y,01-JAN-24,31-DEC-24
23474,NUVA01,Y,01-JAN-24,31-DEC-24
4134,MALA55,Y,01-JAN-24,31-DEC-24
4349,AMETAM,Y,01-JAN-24,31-DEC-24
31544,PEGA02,Y,01-JAN-24,31-DEC-24
28554,7ELEVN,Y,01-JAN-24,31-DEC-24
31655,PFHO01,Y,01-JAN-24,31-DEC-24
3188,ASEN0Z,Y,01-JAN-24,31-DEC-24
31787,GEAG11,Y,01-JAN-24,31-DEC-24
6452,RECU11,Y,01-JAN-24,31-DEC-24
28083,EPIS06,Y,01-JAN-24,31-DEC-24
30376,KEND52,Y,01-JUN-24,31-MAY-25
16134,DEGUSA,Y,01-JAN-24,31-DEC-24
28055,TEX121,Y,01-JAN-24,31-DEC-24
27794,PEET04,Y,01-JAN-24,31-DEC-24
23557,NATU30,Y,01-JAN-24,31-DEC-24
11172,MISS89,Y,01-MAY-24,30-APR-25
28557,DRIL09,Y,01-JAN-24,31-DEC-24
5291,CVCBAA,Y,01-JAN-24,31-DEC-24
4049,MERCED,Y,01-JAN-24,31-DEC-24
31586,UNI735,Y,01-JAN-24,31-DEC-24
17353,TDRBOS,Y,01-JAN-24,31-DEC-24
31646,CAMI39,Y,01-JAN-24,31-DEC-24
24736,QEPC01,Y,01-JAN-24,31-DEC-24
31670,AMRS07,Y,01-JAN-24,31-DEC-24
17577,GLO435,Y,01-JAN-24,31-DEC-24
31666,VGPH01,Y,01-JAN-24,31-DEC-24
28078,VIEW01,Y,01-JAN-24,31-DEC-24
27936,SIZE01,Y,01-JAN-24,31-DEC-24
23437,AVALON,Y,01-JAN-24,31-DEC-24
25085,TOSH08,Y,01-JAN-24,31-DEC-24
25197,TOS104,Y,01-JAN-24,31-DEC-24
28798,MARS18,Y,01-JAN-24,31-DEC-24
9392,VALV22,Y,01-JAN-24,31-DEC-24
24579,CON263,Y,01-JAN-24,31-DEC-24
28875,NEME08,Y,01-JAN-24,31-DEC-24
28014,BOND55,Y,01-JAN-24,31-DEC-24
28955,WEL108,Y,01-JAN-24,31-DEC-24
27776,MIL206,Y,01-JAN-24,31-DEC-24
28036,RDOL01,Y,01-JAN-24,31-DEC-24
5132,USIC03,Y,01-JAN-24,31-DEC-24
27736,ATL263,Y,01-JAN-24,31-DEC-24
27821,NORT77,Y,01-JAN-24,31-DEC-24
23594,AGFA26,Y,01-JAN-24,31-DEC-24
24977,THAI85,Y,01-JAN-24,31-DEC-24
25079,RADG01,Y,01-JAN-24,31-DEC-24
5153,CLRCLT,Y,01-JAN-24,31-DEC-24
3669,BLYT04,Y,01-JAN-24,31-DEC-24
10112,GETW01,Y,01-APR-24,31-MAR-25
4811,STAO02,Y,01-JAN-24,31-DEC-24
4651,STML01,Y,01-JAN-24,31-DEC-24
4229,UNICCO,Y,01-JAN-24,31-DEC-24
4249,FIMU11,Y,01-JAN-24,30-JAN-24
5272,MANT01,Y,01-JAN-24,31-DEC-24
5252,TATA02,Y,01-JAN-24,31-DEC-24
5792,CEDA09,Y,01-JAN-24,31-DEC-24
5074,CATT10,Y,01-JAN-24,31-DEC-24
5671,WEUN03,Y,01-JAN-24,31-DEC-24
4471,AHOLD1,Y,01-JAN-24,31-DEC-24
5691,TIGE01,Y,01-JAN-24,31-DEC-24
5191,MAUR17,Y,01-JAN-24,30-JAN-24
4269,MOTO98,Y,01-JAN-24,31-DEC-24
5531,EPCO18,Y,01-JAN-24,31-DEC-24
3569,RESI61,Y,01-JAN-24,31-DEC-24
5251,FORM07,Y,01-JAN-24,31-DEC-24
5611,CBLVIS,Y,01-JAN-24,31-DEC-24
4230,PEAR23,Y,01-JAN-24,31-DEC-24
5511,IMSDFL,Y,01-JAN-24,31-DEC-24
4631,UMPQUA,Y,01-JAN-24,31-DEC-24
4931,MEDIMP,Y,01-JAN-24,30-JAN-24
6512,DBRIDA,Y,01-JAN-24,31-DEC-24
4731,EDMU05,Y,01-JAN-24,31-DEC-24
5051,VENLOU,Y,01-JAN-24,31-DEC-24
4951,WINN20,Y,01-JAN-24,31-DEC-24
4671,AEFDFL,Y,01-JAN-24,31-DEC-24
17613,CSC01H,Y,01-JAN-24,31-DEC-24
18252,HELP17,Y,01-JAN-24,31-DEC-24
18352,KLIC05,Y,01-JAN-24,31-DEC-24
17852,MEDT03,Y,01-JAN-24,31-DEC-24
17576,PATH07,Y,01-JAN-24,31-DEC-24
17972,TELE18,Y,01-JAN-24,31-DEC-24
16373,UNDE05,Y,01-JAN-24,31-DEC-24
23476,NCCIIN,Y,01-JAN-24,31-DEC-24
24694,AEGI33,Y,01-JAN-24,31-DEC-24
25034,STB01H,Y,01-JAN-24,31-DEC-24
16472,NETS12,Y,01-JAN-24,31-DEC-24
26856,HOLL08,Y,01-APR-24,31-MAR-25
23493,PXL01H,Y,01-JAN-24,31-DEC-24
11873,BENB01,Y,01-JAN-24,31-DEC-24
23403,MERR60,Y,01-JAN-24,31-DEC-24
27801,RODD01,Y,01-JAN-24,31-DEC-24
4832,FCCI01,,01-JAN-24,31-DEC-24
3651,JSNO01,,01-JAN-24,31-DEC-24
12592,MOUN09,,01-JUL-24,30-JUN-25
5332,PRFTST,,01-JAN-24,31-DEC-24
25826,ATRD01,,01-JAN-24,31-DEC-24
10172,POIN16,,01-JAN-24,30-JAN-24
17230,M2TEST,,01-JAN-24,31-DEC-24
15052,MNTR20,,01-JAN-24,31-DEC-24
5731,REME10,,01-JAN-24,31-DEC-24
10472,WHTHAT,,01-FEB-24,31-JAN-25
31280,BRU123,,01-JAN-24,31-DEC-22
6774,AGBI01,,01-JAN-24,31-JAN-24
31805,MCFR01,,01-JAN-24,31-DEC-24
3388,THE57Z,,01-MAR-24,28-FEB-25
2848,TEKMER,,01-JAN-24,31-DEC-24
